{"blt5d06fdc4e2426993":{"title":"Test 12","image_preset_field":{"uid":"blt2b35646d4111664c","_content_type_uid":"sys_assets","metadata":{"preset":{},"extension_uid":"blt2739aa9110292d08"},"asset":{"uid":"blt2b35646d4111664c","created_at":"2023-03-20T07:43:26.757Z","updated_at":"2023-03-20T07:43:26.757Z","created_by":"blt484b7e4e3d1b7f76","updated_by":"blt484b7e4e3d1b7f76","content_type":"image/jpeg","file_size":"25872","tags":[],"filename":"AlbertEinstein.jpeg","url":"https://images.contentstack.io/v3/assets/blt686a5666fd9b8c9d/blt2b35646d4111664c/64180e9ec41c0d71ecf8d9c4/AlbertEinstein.jpeg","ACL":[],"is_dir":false,"parent_uid":"bltb09870234db831d8","_version":1,"title":"AlbertEinstein.jpeg","publish_details":[{"environment":"bltaf3ee99c2f59bc3f","locale":"fr-fr","time":"2023-03-20T07:43:27.319Z","user":"blt484b7e4e3d1b7f76","version":1},{"environment":"blt3ab9dc91cf9aae73","locale":"fr-fr","time":"2023-03-20T07:43:27.312Z","user":"blt484b7e4e3d1b7f76","version":1},{"environment":"blt8e908f434946326b","locale":"fr-fr","time":"2023-03-20T07:43:27.316Z","user":"blt484b7e4e3d1b7f76","version":1},{"environment":"blt3ab9dc91cf9aae73","locale":"en-us","time":"2023-03-20T07:43:27.323Z","user":"blt484b7e4e3d1b7f76","version":1},{"environment":"blt8e908f434946326b","locale":"en-us","time":"2023-03-20T07:43:27.326Z","user":"blt484b7e4e3d1b7f76","version":1},{"environment":"bltaf3ee99c2f59bc3f","locale":"en-us","time":"2023-03-20T07:43:27.328Z","user":"blt484b7e4e3d1b7f76","version":1}]}},"tags":[],"locale":"en-us","ACL":{},"uid":"blt5d06fdc4e2426993","_version":1,"_in_progress":false,"publish_details":[{"environment":"blt3ab9dc91cf9aae73","locale":"fr-fr","time":"2023-03-20T07:45:05.085Z","user":"blt484b7e4e3d1b7f76","version":1},{"environment":"bltaf3ee99c2f59bc3f","locale":"fr-fr","time":"2023-03-20T07:45:05.092Z","user":"blt484b7e4e3d1b7f76","version":1},{"environment":"blt8e908f434946326b","locale":"fr-fr","time":"2023-03-20T07:45:05.089Z","user":"blt484b7e4e3d1b7f76","version":1},{"environment":"bltaf3ee99c2f59bc3f","locale":"en-us","time":"2023-03-20T07:45:05.103Z","user":"blt484b7e4e3d1b7f76","version":1},{"environment":"blt3ab9dc91cf9aae73","locale":"en-us","time":"2023-03-20T07:45:05.097Z","user":"blt484b7e4e3d1b7f76","version":1},{"environment":"blt8e908f434946326b","locale":"en-us","time":"2023-03-20T07:45:05.100Z","user":"blt484b7e4e3d1b7f76","version":1}]},"blt53084627c772e9ad":{"title":"Test 11","image_preset_field":{"uid":"blt5bf772dceabad9f2","_content_type_uid":"sys_assets","metadata":{"preset":{},"extension_uid":"blt2739aa9110292d08"},"asset":{"uid":"blt5bf772dceabad9f2","created_at":"2023-03-20T07:43:35.369Z","updated_at":"2023-03-20T07:43:35.369Z","created_by":"blt484b7e4e3d1b7f76","updated_by":"blt484b7e4e3d1b7f76","content_type":"image/svg+xml","file_size":"806","tags":[],"filename":"map-of-brimingham-city.svg","url":"https://images.contentstack.io/v3/assets/blt686a5666fd9b8c9d/blt5bf772dceabad9f2/64180ea714cbae71f351a271/map-of-brimingham-city.svg","ACL":[],"is_dir":false,"parent_uid":"bltbfe0fbdecffda253","_version":1,"title":"Map Of Birmingham City","description":"","publish_details":[{"environment":"blt8e908f434946326b","locale":"fr-fr","time":"2023-03-20T07:43:35.925Z","user":"blt484b7e4e3d1b7f76","version":1},{"environment":"blt3ab9dc91cf9aae73","locale":"fr-fr","time":"2023-03-20T07:43:35.922Z","user":"blt484b7e4e3d1b7f76","version":1},{"environment":"bltaf3ee99c2f59bc3f","locale":"fr-fr","time":"2023-03-20T07:43:35.928Z","user":"blt484b7e4e3d1b7f76","version":1},{"environment":"blt8e908f434946326b","locale":"en-us","time":"2023-03-20T07:43:35.936Z","user":"blt484b7e4e3d1b7f76","version":1},{"environment":"blt3ab9dc91cf9aae73","locale":"en-us","time":"2023-03-20T07:43:35.933Z","user":"blt484b7e4e3d1b7f76","version":1},{"environment":"bltaf3ee99c2f59bc3f","locale":"en-us","time":"2023-03-20T07:43:35.940Z","user":"blt484b7e4e3d1b7f76","version":1}]}},"tags":[],"locale":"en-us","ACL":{},"uid":"blt53084627c772e9ad","_version":1,"_in_progress":false,"publish_details":[{"environment":"blt8e908f434946326b","locale":"fr-fr","time":"2023-03-20T07:45:05.376Z","user":"blt484b7e4e3d1b7f76","version":1},{"environment":"blt3ab9dc91cf9aae73","locale":"fr-fr","time":"2023-03-20T07:45:05.371Z","user":"blt484b7e4e3d1b7f76","version":1},{"environment":"bltaf3ee99c2f59bc3f","locale":"fr-fr","time":"2023-03-20T07:45:05.381Z","user":"blt484b7e4e3d1b7f76","version":1},{"environment":"blt8e908f434946326b","locale":"en-us","time":"2023-03-20T07:45:05.393Z","user":"blt484b7e4e3d1b7f76","version":1},{"environment":"bltaf3ee99c2f59bc3f","locale":"en-us","time":"2023-03-20T07:45:05.398Z","user":"blt484b7e4e3d1b7f76","version":1},{"environment":"blt3ab9dc91cf9aae73","locale":"en-us","time":"2023-03-20T07:45:05.388Z","user":"blt484b7e4e3d1b7f76","version":1}]}}