{"blt5e2063b8baad4b24":{"title":"Entry 1","table_field":{"tableState":{"columns":[{"id":"column1","accessor":"column1","dataType":"text"},{"id":"column2","accessor":"column2","dataType":"text"},{"id":"column3","accessor":"column3","dataType":"text"}],"data":[{"column1":"fgfg","column2":"ghgh","column3":"mjjmjm"},{"column1":"mjmj","column2":"hnhmj","column3":"jmjm"},{"column1":"","column2":"","column3":""}],"skipReset":false,"tableActionEnabled":true,"headerRowAdded":false,"headerColumnAdded":false}},"tags":[],"locale":"en-us","ACL":{},"uid":"blt5e2063b8baad4b24","_version":1,"_in_progress":false,"publish_details":[{"environment":"blt3ab9dc91cf9aae73","locale":"fr-fr","time":"2023-03-20T07:45:03.610Z","user":"blt484b7e4e3d1b7f76","version":1},{"environment":"bltaf3ee99c2f59bc3f","locale":"fr-fr","time":"2023-03-20T07:45:03.617Z","user":"blt484b7e4e3d1b7f76","version":1},{"environment":"blt8e908f434946326b","locale":"fr-fr","time":"2023-03-20T07:45:03.613Z","user":"blt484b7e4e3d1b7f76","version":1},{"environment":"blt3ab9dc91cf9aae73","locale":"en-us","time":"2023-03-20T07:45:03.621Z","user":"blt484b7e4e3d1b7f76","version":1},{"environment":"blt8e908f434946326b","locale":"en-us","time":"2023-03-20T07:45:03.624Z","user":"blt484b7e4e3d1b7f76","version":1},{"environment":"bltaf3ee99c2f59bc3f","locale":"en-us","time":"2023-03-20T07:45:03.627Z","user":"blt484b7e4e3d1b7f76","version":1}]},"bltbf19b4ca32888480":{"title":"TYY","table_field":{"tableState":{"columns":[{"id":"column1","accessor":"column1","dataType":"text"},{"id":"column2","accessor":"column2","dataType":"text"},{"id":"column3","accessor":"column3","dataType":"text"},{"id":"column4","accessor":"column4","dataType":"text"},{"id":"column5","accessor":"column5","dataType":"text"},{"id":"column6","accessor":"column6","dataType":"text"},{"id":"column7","accessor":"column7","dataType":"text"},{"id":"column8","accessor":"column8","dataType":"text"},{"id":"column9","accessor":"column9","dataType":"text"},{"id":"column10","accessor":"column10","dataType":"text"}],"data":[{"column1":"","column2":"","column3":""},{"column1":"","column2":"","column3":""},{"column1":"","column2":"","column3":""},{"column1":1,"column2":"Eldon Base for stackable storage shelf, platinum","column3":"Muhammed MacIntyre","column4":3,"column5":-213.25,"column6":38.94,"column7":35,"column8":"Nunavut","column9":"Storage & Organization","column10":0.8},{"column1":2,"column2":"1.7 Cubic Foot Compact \"Cube\" Office Refrigerators","column3":"Barry French","column4":293,"column5":457.81,"column6":208.16,"column7":68.02,"column8":"Nunavut","column9":"Appliances","column10":0.58},{"column1":3,"column2":"Cardinal Slant-D® Ring Binder, Heavy Gauge Vinyl","column3":"Barry French","column4":293,"column5":46.71,"column6":8.69,"column7":2.99,"column8":"Nunavut","column9":"Binders and Binder Accessories","column10":0.39},{"column1":4,"column2":"R380","column3":"Clay Rozendal","column4":483,"column5":1198.97,"column6":195.99,"column7":3.99,"column8":"Nunavut","column9":"Telephones and Communication","column10":0.58},{"column1":5,"column2":"Holmes HEPA Air Purifier","column3":"Carlos Soltero","column4":515,"column5":30.94,"column6":21.78,"column7":5.94,"column8":"Nunavut","column9":"Appliances","column10":0.5},{"column1":6,"column2":"G.E. Longer-Life Indoor Recessed Floodlight Bulbs","column3":"Carlos Soltero","column4":515,"column5":4.43,"column6":6.64,"column7":4.95,"column8":"Nunavut","column9":"Office Furnishings","column10":0.37},{"column1":7,"column2":"Angle-D Binders with Locking Rings, Label Holders","column3":"Carl Jackson","column4":613,"column5":-54.04,"column6":7.3,"column7":7.72,"column8":"Nunavut","column9":"Binders and Binder Accessories","column10":0.38},{"column1":8,"column2":"SAFCO Mobile Desk Side File, Wire Frame","column3":"Carl Jackson","column4":613,"column5":127.7,"column6":42.76,"column7":6.22,"column8":"Nunavut","column9":"Storage & Organization"},{"column1":9,"column2":"SAFCO Commercial Wire Shelving, Black","column3":"Monica Federle","column4":643,"column5":-695.26,"column6":138.14,"column7":35,"column8":"Nunavut","column9":"Storage & Organization"},{"column1":10,"column2":"Xerox 198","column3":"Dorothy Badders","column4":678,"column5":-226.36,"column6":4.98,"column7":8.33,"column8":"Nunavut","column9":"Paper","column10":0.38}],"skipReset":false,"headerRowAdded":false,"headerColumnAdded":false}},"tags":[],"locale":"en-us","ACL":{},"uid":"bltbf19b4ca32888480","_version":1,"_in_progress":false,"publish_details":[]},"bltac1cb0a4066d68cf":{"title":"Entry adf","table_field":{"tableState":{"columns":[{"id":"column1","label":1,"accessor":"column1","dataType":"text"},{"id":"column2","label":"Eldon Base for stackable storage shelf, platinum","accessor":"column2","dataType":"text"},{"id":"column3","label":"Muhammed MacIntyre","accessor":"column3","dataType":"text"},{"id":"column4","label":3,"accessor":"column4","dataType":"text"},{"id":"column5","label":-213.25,"accessor":"column5","dataType":"text"},{"id":"column6","label":38.94,"accessor":"column6","dataType":"text"},{"id":"column7","label":35,"accessor":"column7","dataType":"text"},{"id":"column8","label":"Nunavut","accessor":"column8","dataType":"text"},{"id":"column9","label":"Storage & Organization","accessor":"column9","dataType":"text"},{"id":"column10","label":0.8,"accessor":"column10","dataType":"text"}],"data":[{"column1":2,"column2":"1.7 Cubic Foot Compact \"Cube\" Office Refrigerators","column3":"Barry French","column4":293,"column5":457.81,"column6":208.16,"column7":68.02,"column8":"Nunavut","column9":"Appliances","column10":0.58},{"column1":3,"column2":"Cardinal Slant-D® Ring Binder, Heavy Gauge Vinyl","column3":"Barry French","column4":293,"column5":46.71,"column6":8.69,"column7":2.99,"column8":"Nunavut","column9":"Binders and Binder Accessories","column10":0.39},{"column1":4,"column2":"R380","column3":"Clay Rozendal","column4":483,"column5":1198.97,"column6":195.99,"column7":3.99,"column8":"Nunavut","column9":"Telephones and Communication","column10":0.58},{"column1":5,"column2":"Holmes HEPA Air Purifier","column3":"Carlos Soltero","column4":515,"column5":30.94,"column6":21.78,"column7":5.94,"column8":"Nunavut","column9":"Appliances","column10":0.5},{"column1":6,"column2":"G.E. Longer-Life Indoor Recessed Floodlight Bulbs","column3":"Carlos Soltero","column4":515,"column5":4.43,"column6":6.64,"column7":4.95,"column8":"Nunavut","column9":"Office Furnishings","column10":0.37},{"column1":7,"column2":"Angle-D Binders with Locking Rings, Label Holders","column3":"Carl Jackson","column4":613,"column5":-54.04,"column6":7.3,"column7":7.72,"column8":"Nunavut","column9":"Binders and Binder Accessories","column10":0.38},{"column1":8,"column2":"SAFCO Mobile Desk Side File, Wire Frame","column3":"Carl Jackson","column4":613,"column5":127.7,"column6":42.76,"column7":6.22,"column8":"Nunavut","column9":"Storage & Organization"},{"column1":9,"column2":"SAFCO Commercial Wire Shelving, Black","column3":"Monica Federle","column4":643,"column5":-695.26,"column6":138.14,"column7":35,"column8":"Nunavut","column9":"Storage & Organization"},{"column1":10,"column2":"Xerox 198","column3":"Dorothy Badders","column4":678,"column5":-226.36,"column6":4.98,"column7":8.33,"column8":"Nunavut","column9":"Paper","column10":0.38}],"skipReset":false,"tableActionEnabled":true,"headerRowAdded":true,"headerColumnAdded":true}},"tags":[],"locale":"en-us","ACL":{},"uid":"bltac1cb0a4066d68cf","_version":1,"_in_progress":false,"publish_details":[{"environment":"blt8e908f434946326b","locale":"fr-fr","time":"2023-03-20T07:45:03.383Z","user":"blt484b7e4e3d1b7f76","version":1},{"environment":"blt3ab9dc91cf9aae73","locale":"fr-fr","time":"2023-03-20T07:45:03.376Z","user":"blt484b7e4e3d1b7f76","version":1},{"environment":"bltaf3ee99c2f59bc3f","locale":"fr-fr","time":"2023-03-20T07:45:03.389Z","user":"blt484b7e4e3d1b7f76","version":1},{"environment":"blt8e908f434946326b","locale":"en-us","time":"2023-03-20T07:45:03.404Z","user":"blt484b7e4e3d1b7f76","version":1},{"environment":"bltaf3ee99c2f59bc3f","locale":"en-us","time":"2023-03-20T07:45:03.410Z","user":"blt484b7e4e3d1b7f76","version":1},{"environment":"blt3ab9dc91cf9aae73","locale":"en-us","time":"2023-03-20T07:45:03.398Z","user":"blt484b7e4e3d1b7f76","version":1}]}}