{"blt3ab9dc91cf9aae73":{"stackHeaders":{"api_key":"blt686a5666fd9b8c9d"},"urlPath":"/environments/production","urls":[{"url":"","locale":"en-us"}],"name":"production","_version":2,"created_by":"blt484b7e4e3d1b7f76","updated_by":"blt484b7e4e3d1b7f76","created_at":"2023-03-20T07:43:00.570Z","updated_at":"2023-03-20T07:43:00.570Z"},"blt8e908f434946326b":{"stackHeaders":{"api_key":"blt686a5666fd9b8c9d"},"urlPath":"/environments/development","urls":[{"url":"http://localhost:3000","locale":"en-us"}],"name":"development","_version":2,"created_by":"blt484b7e4e3d1b7f76","updated_by":"blt484b7e4e3d1b7f76","created_at":"2023-03-20T07:43:00.635Z","updated_at":"2023-03-20T07:43:00.635Z"},"bltaf3ee99c2f59bc3f":{"stackHeaders":{"api_key":"blt686a5666fd9b8c9d"},"urlPath":"/environments/preview","urls":[{"url":"","locale":"en-us"}],"name":"preview","_version":1,"created_by":"blt484b7e4e3d1b7f76","updated_by":"blt484b7e4e3d1b7f76","created_at":"2023-03-20T07:43:00.639Z","updated_at":"2023-03-20T07:43:00.639Z"}}