{"bltd9635b7c11aaf5ae":{"title":"THNB","single_line":"","cloudinary_ff":[{"public_id":"sunset-4k-wallpaper","resource_type":"Image","type":"upload","format":"jpg","version":1582200984,"url":"http://res.cloudinary.com/dy7ezgwn3/image/upload/v1582200984/sunset-4k-wallpaper.jpg","secure_url":"https://res.cloudinary.com/dy7ezgwn3/image/upload/v1582200984/sunset-4k-wallpaper.jpg","width":2560,"height":1600,"bytes":2073413,"duration":null,"tags":[],"metadata":[],"created_at":"2020-02-20T12:16:24Z","access_mode":"public","created_by":{"type":"user","id":"20233c6643aeee602a994679127108"},"uploaded_by":{"type":"user","id":"20233c6643aeee602a994679127108"}},{"public_id":"timthumb_eyzsca","resource_type":"Image","type":"upload","format":"jpg","version":1582200983,"url":"http://res.cloudinary.com/dy7ezgwn3/image/upload/v1582200983/timthumb_eyzsca.jpg","secure_url":"https://res.cloudinary.com/dy7ezgwn3/image/upload/v1582200983/timthumb_eyzsca.jpg","width":700,"height":400,"bytes":85459,"duration":null,"tags":[],"metadata":[],"created_at":"2020-02-20T12:16:23Z","access_mode":"public","created_by":{"type":"user","id":"20233c6643aeee602a994679127108"},"uploaded_by":{"type":"user","id":"20233c6643aeee602a994679127108"}},{"public_id":"wicked-nature-4k-3840x2160","resource_type":"Image","type":"upload","format":"jpg","version":1582200986,"url":"http://res.cloudinary.com/dy7ezgwn3/image/upload/v1582200986/wicked-nature-4k-3840x2160.jpg","secure_url":"https://res.cloudinary.com/dy7ezgwn3/image/upload/v1582200986/wicked-nature-4k-3840x2160.jpg","width":3840,"height":2160,"bytes":5716728,"duration":null,"tags":[],"metadata":[],"created_at":"2020-02-20T12:16:26Z","access_mode":"public","created_by":{"type":"user","id":"20233c6643aeee602a994679127108"},"uploaded_by":{"type":"user","id":"20233c6643aeee602a994679127108"}},{"public_id":"yosemite-4k-green-nature-wallpaper_jkimlj","resource_type":"Image","type":"upload","format":"jpg","version":1582200990,"url":"http://res.cloudinary.com/dy7ezgwn3/image/upload/v1582200990/yosemite-4k-green-nature-wallpaper_jkimlj.jpg","secure_url":"https://res.cloudinary.com/dy7ezgwn3/image/upload/v1582200990/yosemite-4k-green-nature-wallpaper_jkimlj.jpg","width":4096,"height":2160,"bytes":2611557,"duration":null,"tags":[],"metadata":[],"created_at":"2020-02-20T12:16:30Z","access_mode":"public","created_by":{"type":"user","id":"20233c6643aeee602a994679127108"},"uploaded_by":{"type":"user","id":"20233c6643aeee602a994679127108"}},{"public_id":"image-1_ddbor2","resource_type":"Image","type":"upload","format":"jpg","version":1580365880,"url":"http://res.cloudinary.com/dy7ezgwn3/image/upload/v1580365880/image-1_ddbor2.jpg","secure_url":"https://res.cloudinary.com/dy7ezgwn3/image/upload/v1580365880/image-1_ddbor2.jpg","width":3840,"height":2160,"bytes":755984,"duration":null,"tags":[],"metadata":[],"created_at":"2020-01-30T06:31:20Z","access_mode":"public","created_by":{"type":"user","id":"20233c6643aeee602a994679127108"},"uploaded_by":{"type":"user","id":"20233c6643aeee602a994679127108"}},{"public_id":"Pink-sakura-bloom-blue-sky-spring_n2zkee","resource_type":"Image","type":"upload","format":"jpg","version":1579691093,"url":"http://res.cloudinary.com/dy7ezgwn3/image/upload/v1579691093/Pink-sakura-bloom-blue-sky-spring_n2zkee.jpg","secure_url":"https://res.cloudinary.com/dy7ezgwn3/image/upload/v1579691093/Pink-sakura-bloom-blue-sky-spring_n2zkee.jpg","width":3840,"height":2160,"bytes":1160289,"duration":null,"tags":[],"metadata":[],"created_at":"2020-01-22T11:04:53Z","access_mode":"public","created_by":{"type":"user","id":"20233c6643aeee602a994679127108"},"uploaded_by":{"type":"user","id":"20233c6643aeee602a994679127108"}},{"public_id":"sample","resource_type":"Image","type":"upload","format":"jpg","version":1579685946,"url":"http://res.cloudinary.com/dy7ezgwn3/image/upload/v1579685946/sample.jpg","secure_url":"https://res.cloudinary.com/dy7ezgwn3/image/upload/v1579685946/sample.jpg","width":864,"height":576,"bytes":109669,"duration":null,"tags":[],"metadata":[],"created_at":"2020-01-22T09:39:06Z","access_mode":"public","created_by":{"type":"accesskey","id":"639841859426776"},"uploaded_by":{"type":"accesskey","id":"639841859426776"}}],"tags":[],"locale":"en-us","ACL":{},"uid":"bltd9635b7c11aaf5ae","_version":1,"_in_progress":false,"publish_details":[{"environment":"bltaf3ee99c2f59bc3f","locale":"fr-fr","time":"2023-03-20T07:45:06.873Z","user":"blt484b7e4e3d1b7f76","version":1},{"environment":"blt8e908f434946326b","locale":"fr-fr","time":"2023-03-20T07:45:06.868Z","user":"blt484b7e4e3d1b7f76","version":1},{"environment":"blt3ab9dc91cf9aae73","locale":"fr-fr","time":"2023-03-20T07:45:06.861Z","user":"blt484b7e4e3d1b7f76","version":1},{"environment":"blt3ab9dc91cf9aae73","locale":"en-us","time":"2023-03-20T07:45:06.881Z","user":"blt484b7e4e3d1b7f76","version":1},{"environment":"blt8e908f434946326b","locale":"en-us","time":"2023-03-20T07:45:06.886Z","user":"blt484b7e4e3d1b7f76","version":1},{"environment":"bltaf3ee99c2f59bc3f","locale":"en-us","time":"2023-03-20T07:45:06.891Z","user":"blt484b7e4e3d1b7f76","version":1}]},"blt9e7f570bb733e0f5":{"title":"ERTG","single_line":"","cloudinary_ff":[{"public_id":"482570_mnsfuy test.jpg","resource_type":"Image","type":"upload","format":"jpg","version":1582261328,"url":"http://res.cloudinary.com/dy7ezgwn3/image/upload/v1582261328/482570_mnsfuy%20test.jpg.jpg","secure_url":"https://res.cloudinary.com/dy7ezgwn3/image/upload/v1582261328/482570_mnsfuy%20test.jpg.jpg","width":3840,"height":2400,"bytes":816338,"duration":null,"tags":[],"metadata":[],"created_at":"2020-02-21T05:02:08Z","access_mode":"public","created_by":{"type":"user","id":"20233c6643aeee602a994679127108"},"uploaded_by":{"type":"user","id":"20233c6643aeee602a994679127108"}},{"public_id":"download_rsp4tf","resource_type":"Image","type":"upload","format":"jpg","version":1582261327,"url":"http://res.cloudinary.com/dy7ezgwn3/image/upload/v1582261327/download_rsp4tf.jpg","secure_url":"https://res.cloudinary.com/dy7ezgwn3/image/upload/v1582261327/download_rsp4tf.jpg","width":225,"height":225,"bytes":5587,"duration":null,"tags":[],"metadata":[],"created_at":"2020-02-21T05:02:07Z","access_mode":"public","created_by":{"type":"user","id":"20233c6643aeee602a994679127108"},"uploaded_by":{"type":"user","id":"20233c6643aeee602a994679127108"}},{"public_id":"Entertaining [\"Peking\" Duck Party] MSL0216","resource_type":"Image","type":"upload","format":"jpg","version":1621509400,"url":"http://res.cloudinary.com/dy7ezgwn3/image/upload/v1621509400/Entertaining%20%5B%22Peking%22%20Duck%20Party%5D%20MSL0216.jpg","secure_url":"https://res.cloudinary.com/dy7ezgwn3/image/upload/v1621509400/Entertaining%20%5B%22Peking%22%20Duck%20Party%5D%20MSL0216.jpg","width":3840,"height":2400,"bytes":2299360,"duration":null,"tags":[],"metadata":[],"created_at":"2021-05-20T11:16:40Z","access_mode":"public","created_by":{"type":"user","id":"20233c6643aeee602a994679127108"},"uploaded_by":{"type":"user","id":"20233c6643aeee602a994679127108"}},{"public_id":"482570_tm9uag","resource_type":"Image","type":"upload","format":"jpg","version":1644319389,"url":"http://res.cloudinary.com/dy7ezgwn3/image/upload/v1644319389/482570_tm9uag.jpg","secure_url":"https://res.cloudinary.com/dy7ezgwn3/image/upload/v1644319389/482570_tm9uag.jpg","width":3840,"height":2400,"bytes":816338,"duration":null,"tags":[],"metadata":[],"created_at":"2022-02-08T11:23:09Z","access_mode":"public","created_by":{"type":"user","id":"20233c6643aeee602a994679127108"},"uploaded_by":{"type":"user","id":"20233c6643aeee602a994679127108"}}],"tags":[],"locale":"en-us","ACL":{},"uid":"blt9e7f570bb733e0f5","_version":1,"_in_progress":false,"publish_details":[{"environment":"blt3ab9dc91cf9aae73","locale":"fr-fr","time":"2023-03-20T07:45:07.085Z","user":"blt484b7e4e3d1b7f76","version":1},{"environment":"blt8e908f434946326b","locale":"fr-fr","time":"2023-03-20T07:45:07.089Z","user":"blt484b7e4e3d1b7f76","version":1},{"environment":"bltaf3ee99c2f59bc3f","locale":"fr-fr","time":"2023-03-20T07:45:07.092Z","user":"blt484b7e4e3d1b7f76","version":1},{"environment":"bltaf3ee99c2f59bc3f","locale":"en-us","time":"2023-03-20T07:45:07.103Z","user":"blt484b7e4e3d1b7f76","version":1},{"environment":"blt8e908f434946326b","locale":"en-us","time":"2023-03-20T07:45:07.100Z","user":"blt484b7e4e3d1b7f76","version":1},{"environment":"blt3ab9dc91cf9aae73","locale":"en-us","time":"2023-03-20T07:45:07.097Z","user":"blt484b7e4e3d1b7f76","version":1}]}}