{"blt39f9fda837a9a2f9":{"title":"Company Name","logo":{"uid":"bltc23047787014bcf3","created_at":"2023-03-20T07:43:23.945Z","updated_at":"2023-03-20T07:43:23.945Z","created_by":"blt484b7e4e3d1b7f76","updated_by":"blt484b7e4e3d1b7f76","content_type":"image/svg+xml","file_size":"99632","tags":[],"filename":"company-logo.svg","url":"https://images.contentstack.io/v3/assets/blt686a5666fd9b8c9d/bltc23047787014bcf3/64180e9bffbad36fe58d2ed2/company-logo.svg","ACL":[],"is_dir":false,"parent_uid":"blt16f866e25e9366f4","_version":1,"title":"Company Logo","description":"","publish_details":[{"environment":"blt8e908f434946326b","locale":"fr-fr","time":"2023-03-20T07:43:24.506Z","user":"blt484b7e4e3d1b7f76","version":1},{"environment":"bltaf3ee99c2f59bc3f","locale":"en-us","time":"2023-03-20T07:43:24.519Z","user":"blt484b7e4e3d1b7f76","version":1},{"environment":"blt3ab9dc91cf9aae73","locale":"en-us","time":"2023-03-20T07:43:24.513Z","user":"blt484b7e4e3d1b7f76","version":1},{"environment":"bltaf3ee99c2f59bc3f","locale":"fr-fr","time":"2023-03-20T07:43:24.509Z","user":"blt484b7e4e3d1b7f76","version":1},{"environment":"blt8e908f434946326b","locale":"en-us","time":"2023-03-20T07:43:24.517Z","user":"blt484b7e4e3d1b7f76","version":1},{"environment":"blt3ab9dc91cf9aae73","locale":"fr-fr","time":"2023-03-20T07:43:24.502Z","user":"blt484b7e4e3d1b7f76","version":1}]},"tags":[],"locale":"en-us","ACL":{},"navigation_menu":[{"label":"Home","_metadata":{"uid":"cs69550988926e85d9"},"page_reference":[{"uid":"bltbe7a1324e7c03cec","_content_type_uid":"page"}]},{"label":"About Us","_metadata":{"uid":"cscf5318e5388812b4"},"page_reference":[{"uid":"blt7968ec29b5be5e32","_content_type_uid":"page"}]},{"label":"Blog","_metadata":{"uid":"cs32274bbf10a21bec"},"page_reference":[{"uid":"blt1f72c259b21c602e","_content_type_uid":"page"}]},{"label":"Contact Us","_metadata":{"uid":"cs46f9812a50d8309c"},"page_reference":[{"uid":"blt7fd4906759e92e5d","_content_type_uid":"page"}]}],"notification_bar":{"show_announcement":true,"announcement_text":{"attrs":{},"children":[{"type":"p","attrs":{},"children":[{"text":"To Our Community: Please read this important update."}],"uid":"35e0936cb8f54aa596edf61704c853ce"}],"type":"doc","uid":"7e6d045db8c144c18ef3a3802cd6a3de","_version":2}},"uid":"blt39f9fda837a9a2f9","_version":2,"_in_progress":false,"publish_details":[{"environment":"blt8e908f434946326b","locale":"en-us","time":"2023-03-20T07:45:05.630Z","user":"blt484b7e4e3d1b7f76","version":2},{"environment":"bltaf3ee99c2f59bc3f","locale":"en-us","time":"2023-03-20T07:45:05.633Z","user":"blt484b7e4e3d1b7f76","version":2},{"environment":"blt3ab9dc91cf9aae73","locale":"en-us","time":"2023-03-20T07:45:05.627Z","user":"blt484b7e4e3d1b7f76","version":2}]}}