{"bltdc8c2dabe1bea8da":{"title":"Company Name","tags":[],"locale":"en-us","ACL":{},"logo":{"uid":"bltc23047787014bcf3","created_at":"2023-03-20T07:43:23.945Z","updated_at":"2023-03-20T07:43:23.945Z","created_by":"blt484b7e4e3d1b7f76","updated_by":"blt484b7e4e3d1b7f76","content_type":"image/svg+xml","file_size":"99632","tags":[],"filename":"company-logo.svg","url":"https://images.contentstack.io/v3/assets/blt686a5666fd9b8c9d/bltc23047787014bcf3/64180e9bffbad36fe58d2ed2/company-logo.svg","ACL":[],"is_dir":false,"parent_uid":"blt16f866e25e9366f4","_version":1,"title":"Company Logo","description":"","publish_details":[{"environment":"blt8e908f434946326b","locale":"fr-fr","time":"2023-03-20T07:43:24.506Z","user":"blt484b7e4e3d1b7f76","version":1},{"environment":"bltaf3ee99c2f59bc3f","locale":"en-us","time":"2023-03-20T07:43:24.519Z","user":"blt484b7e4e3d1b7f76","version":1},{"environment":"blt3ab9dc91cf9aae73","locale":"en-us","time":"2023-03-20T07:43:24.513Z","user":"blt484b7e4e3d1b7f76","version":1},{"environment":"bltaf3ee99c2f59bc3f","locale":"fr-fr","time":"2023-03-20T07:43:24.509Z","user":"blt484b7e4e3d1b7f76","version":1},{"environment":"blt8e908f434946326b","locale":"en-us","time":"2023-03-20T07:43:24.517Z","user":"blt484b7e4e3d1b7f76","version":1},{"environment":"blt3ab9dc91cf9aae73","locale":"fr-fr","time":"2023-03-20T07:43:24.502Z","user":"blt484b7e4e3d1b7f76","version":1}]},"navigation":{"link":[{"title":"Home","href":"/"},{"title":"About Us","href":"/about-us"},{"title":"Blog","href":"/blog"},{"title":"Contact Us","href":"/contact-us"}]},"social":{"social_share":[{"link":{"title":"Facebook","href":"https://facebook.com"},"_metadata":{"uid":"cs2f3565afeae4fe2e"},"icon":{"uid":"bltf9867de4da270e5f","created_at":"2023-03-20T07:43:13.424Z","updated_at":"2023-03-20T07:43:13.424Z","created_by":"blt484b7e4e3d1b7f76","updated_by":"blt484b7e4e3d1b7f76","content_type":"image/svg+xml","file_size":"1288","tags":[],"filename":"facebook.svg","url":"https://images.contentstack.io/v3/assets/blt686a5666fd9b8c9d/bltf9867de4da270e5f/64180e91a924d223a172359e/facebook.svg","ACL":[],"is_dir":false,"parent_uid":"bltffef30012aeca44b","_version":1,"title":"facebook.svg","publish_details":[{"environment":"bltaf3ee99c2f59bc3f","locale":"fr-fr","time":"2023-03-20T07:43:14.154Z","user":"blt484b7e4e3d1b7f76","version":1},{"environment":"blt8e908f434946326b","locale":"fr-fr","time":"2023-03-20T07:43:14.151Z","user":"blt484b7e4e3d1b7f76","version":1},{"environment":"blt3ab9dc91cf9aae73","locale":"en-us","time":"2023-03-20T07:43:14.159Z","user":"blt484b7e4e3d1b7f76","version":1},{"environment":"blt8e908f434946326b","locale":"en-us","time":"2023-03-20T07:43:14.162Z","user":"blt484b7e4e3d1b7f76","version":1},{"environment":"blt3ab9dc91cf9aae73","locale":"fr-fr","time":"2023-03-20T07:43:14.147Z","user":"blt484b7e4e3d1b7f76","version":1},{"environment":"bltaf3ee99c2f59bc3f","locale":"en-us","time":"2023-03-20T07:43:14.165Z","user":"blt484b7e4e3d1b7f76","version":1}]}},{"link":{"title":"Twitter","href":"https://twitter.com"},"_metadata":{"uid":"csffd270cef291e3bc"},"icon":{"uid":"blt902a61a92c24f15d","created_at":"2023-03-20T07:43:05.698Z","updated_at":"2023-03-20T07:43:05.698Z","created_by":"blt484b7e4e3d1b7f76","updated_by":"blt484b7e4e3d1b7f76","content_type":"image/svg+xml","file_size":"1436","tags":[],"filename":"Twitter.svg","url":"https://images.contentstack.io/v3/assets/blt686a5666fd9b8c9d/blt902a61a92c24f15d/64180e89e1aa942acf4f8ca1/Twitter.svg","ACL":[],"is_dir":false,"parent_uid":"bltffef30012aeca44b","_version":1,"title":"Twitter.svg","publish_details":[{"environment":"bltaf3ee99c2f59bc3f","locale":"en-us","time":"2023-03-20T07:43:06.330Z","user":"blt484b7e4e3d1b7f76","version":1},{"environment":"bltaf3ee99c2f59bc3f","locale":"fr-fr","time":"2023-03-20T07:43:06.311Z","user":"blt484b7e4e3d1b7f76","version":1},{"environment":"blt8e908f434946326b","locale":"en-us","time":"2023-03-20T07:43:06.325Z","user":"blt484b7e4e3d1b7f76","version":1},{"environment":"blt8e908f434946326b","locale":"fr-fr","time":"2023-03-20T07:43:06.305Z","user":"blt484b7e4e3d1b7f76","version":1},{"environment":"blt3ab9dc91cf9aae73","locale":"en-us","time":"2023-03-20T07:43:06.319Z","user":"blt484b7e4e3d1b7f76","version":1},{"environment":"blt3ab9dc91cf9aae73","locale":"fr-fr","time":"2023-03-20T07:43:06.299Z","user":"blt484b7e4e3d1b7f76","version":1}]}},{"link":{"title":"Instagram","href":"https://www.instagram.com/"},"_metadata":{"uid":"csd8c7d5216e62dab0"},"icon":{"uid":"blt52e61ac4f919d9eb","created_at":"2023-03-20T07:43:18.378Z","updated_at":"2023-03-20T07:43:18.378Z","created_by":"blt484b7e4e3d1b7f76","updated_by":"blt484b7e4e3d1b7f76","content_type":"image/svg+xml","file_size":"806","tags":[],"filename":"Instagram.svg","url":"https://images.contentstack.io/v3/assets/blt686a5666fd9b8c9d/blt52e61ac4f919d9eb/64180e96403a3c07a55e9861/Instagram.svg","ACL":[],"is_dir":false,"parent_uid":"bltffef30012aeca44b","_version":1,"title":"Instagram.svg","description":"","publish_details":[{"environment":"blt3ab9dc91cf9aae73","locale":"fr-fr","time":"2023-03-20T07:43:18.915Z","user":"blt484b7e4e3d1b7f76","version":1},{"environment":"bltaf3ee99c2f59bc3f","locale":"fr-fr","time":"2023-03-20T07:43:18.925Z","user":"blt484b7e4e3d1b7f76","version":1},{"environment":"bltaf3ee99c2f59bc3f","locale":"en-us","time":"2023-03-20T07:43:18.943Z","user":"blt484b7e4e3d1b7f76","version":1},{"environment":"blt8e908f434946326b","locale":"fr-fr","time":"2023-03-20T07:43:18.920Z","user":"blt484b7e4e3d1b7f76","version":1},{"environment":"blt3ab9dc91cf9aae73","locale":"en-us","time":"2023-03-20T07:43:18.933Z","user":"blt484b7e4e3d1b7f76","version":1},{"environment":"blt8e908f434946326b","locale":"en-us","time":"2023-03-20T07:43:18.938Z","user":"blt484b7e4e3d1b7f76","version":1}]}}]},"copyright":{"attrs":{},"children":[{"type":"p","attrs":{},"children":[{"text":"Copyright © 2022. LogoIpsum. All rights reserved."}],"uid":"32776ab58fc94665993a4abee78d8bd6"}],"type":"doc","uid":"a4034de5c6c040c99fdb0efdd3c5a026","_version":1},"uid":"bltdc8c2dabe1bea8da","_version":1,"_in_progress":false,"publish_details":[{"environment":"blt8e908f434946326b","locale":"en-us","time":"2023-03-20T07:45:06.542Z","user":"blt484b7e4e3d1b7f76","version":1},{"environment":"bltaf3ee99c2f59bc3f","locale":"en-us","time":"2023-03-20T07:45:06.545Z","user":"blt484b7e4e3d1b7f76","version":1},{"environment":"blt3ab9dc91cf9aae73","locale":"en-us","time":"2023-03-20T07:45:06.538Z","user":"blt484b7e4e3d1b7f76","version":1}]}}