[{"title":"SEO","uid":"seo","schema":[{"data_type":"text","display_name":"Meta Title","uid":"meta_title","field_metadata":{"description":"","default_value":"","version":3},"format":"","error_messages":{"format":""},"multiple":false,"mandatory":false,"unique":false,"non_localizable":false},{"data_type":"text","display_name":"Meta Description","uid":"meta_description","field_metadata":{"description":"","default_value":"","multiline":true,"version":3},"format":"","error_messages":{"format":""},"multiple":false,"mandatory":false,"unique":false,"non_localizable":false},{"data_type":"text","display_name":"Meta Keywords","uid":"keywords","field_metadata":{"description":"","default_value":"","version":3},"format":"","error_messages":{"format":""},"multiple":false,"mandatory":false,"unique":false,"non_localizable":false},{"data_type":"boolean","display_name":"Enable Search Indexing","uid":"enable_search_indexing","field_metadata":{"description":"","default_value":true},"multiple":false,"mandatory":false,"unique":false,"non_localizable":false}],"description":"It contains SEO related information."},{"title":"New table","uid":"new_table","schema":[{"data_type":"text","display_name":"New Headline","uid":"new_headline","field_metadata":{"description":"","default_value":"","version":3},"format":"","error_messages":{"format":""},"mandatory":false,"multiple":false,"non_localizable":false,"unique":false},{"display_name":"Custom","extension_uid":"blta114594b654b6757","field_metadata":{"extension":true},"uid":"custom","mandatory":false,"multiple":false,"non_localizable":false,"unique":false,"config":{},"data_type":"json"}],"description":""}]