[{"stackHeaders":{"api_key":"blt686a5666fd9b8c9d"},"urlPath":"/assets/blt8ffd18cc709f645e","uid":"blt8ffd18cc709f645e","created_at":"2023-03-20T07:43:04.695Z","updated_at":"2023-03-20T07:43:04.695Z","created_by":"blt484b7e4e3d1b7f76","updated_by":"blt484b7e4e3d1b7f76","content_type":"application/vnd.contenstack.folder","tags":[],"name":"Logo","ACL":{"roles":[],"others":{"read":false,"create":false,"update":false,"delete":false,"sub_acl":{"read":false,"create":false,"update":false,"delete":false,"publish":false}}},"is_dir":true,"parent_uid":null,"_version":1},{"stackHeaders":{"api_key":"blt686a5666fd9b8c9d"},"urlPath":"/assets/bltb09870234db831d8","uid":"bltb09870234db831d8","created_at":"2023-03-20T07:43:04.462Z","updated_at":"2023-03-20T07:43:04.462Z","created_by":"blt484b7e4e3d1b7f76","updated_by":"blt484b7e4e3d1b7f76","content_type":"application/vnd.contenstack.folder","tags":[],"name":"Authors","ACL":{"roles":[],"others":{"read":false,"create":false,"update":false,"delete":false,"sub_acl":{"read":false,"create":false,"update":false,"delete":false,"publish":false}}},"is_dir":true,"parent_uid":null,"_version":1},{"stackHeaders":{"api_key":"blt686a5666fd9b8c9d"},"urlPath":"/assets/blt3d6574780828fb29","uid":"blt3d6574780828fb29","created_at":"2023-03-20T07:43:04.162Z","updated_at":"2023-03-20T07:43:04.162Z","created_by":"blt484b7e4e3d1b7f76","updated_by":"blt484b7e4e3d1b7f76","content_type":"application/vnd.contenstack.folder","tags":[],"name":"Icons","ACL":{"roles":[],"others":{"read":false,"create":false,"update":false,"delete":false,"sub_acl":{"read":false,"create":false,"update":false,"delete":false,"publish":false}}},"is_dir":true,"parent_uid":null,"_version":1},{"stackHeaders":{"api_key":"blt686a5666fd9b8c9d"},"urlPath":"/assets/blt7f7a58e14a9b7009","uid":"blt7f7a58e14a9b7009","created_at":"2023-03-20T07:43:03.870Z","updated_at":"2023-03-20T07:43:03.870Z","created_by":"blt484b7e4e3d1b7f76","updated_by":"blt484b7e4e3d1b7f76","content_type":"application/vnd.contenstack.folder","tags":[],"name":"Homepage","ACL":{"roles":[],"others":{"read":false,"create":false,"update":false,"delete":false,"sub_acl":{"read":false,"create":false,"update":false,"delete":false,"publish":false}}},"is_dir":true,"parent_uid":null,"_version":1},{"stackHeaders":{"api_key":"blt686a5666fd9b8c9d"},"urlPath":"/assets/blt2e5051b024f428b9","uid":"blt2e5051b024f428b9","created_at":"2023-03-20T07:43:03.575Z","updated_at":"2023-03-20T07:43:03.575Z","created_by":"blt484b7e4e3d1b7f76","updated_by":"blt484b7e4e3d1b7f76","content_type":"application/vnd.contenstack.folder","tags":[],"name":"About Us","ACL":{"roles":[],"others":{"read":false,"create":false,"update":false,"delete":false,"sub_acl":{"read":false,"create":false,"update":false,"delete":false,"publish":false}}},"is_dir":true,"parent_uid":null,"_version":1},{"stackHeaders":{"api_key":"blt686a5666fd9b8c9d"},"urlPath":"/assets/blt2c6627c066e898c3","uid":"blt2c6627c066e898c3","created_at":"2023-03-20T07:43:03.265Z","updated_at":"2023-03-20T07:43:03.265Z","created_by":"blt484b7e4e3d1b7f76","updated_by":"blt484b7e4e3d1b7f76","content_type":"application/vnd.contenstack.folder","tags":[],"name":"Blogs","ACL":{"roles":[],"others":{"read":false,"create":false,"update":false,"delete":false,"sub_acl":{"read":false,"create":false,"update":false,"delete":false,"publish":false}}},"is_dir":true,"parent_uid":null,"_version":1},{"stackHeaders":{"api_key":"blt686a5666fd9b8c9d"},"urlPath":"/assets/bltbfe0fbdecffda253","uid":"bltbfe0fbdecffda253","created_at":"2023-03-20T07:43:02.970Z","updated_at":"2023-03-20T07:43:02.970Z","created_by":"blt484b7e4e3d1b7f76","updated_by":"blt484b7e4e3d1b7f76","content_type":"application/vnd.contenstack.folder","tags":[],"name":"Contact","ACL":{"roles":[],"others":{"read":false,"create":false,"update":false,"delete":false,"sub_acl":{"read":false,"create":false,"update":false,"delete":false,"publish":false}}},"is_dir":true,"parent_uid":null,"_version":1},{"stackHeaders":{"api_key":"blt686a5666fd9b8c9d"},"urlPath":"/assets/bltee4b212de64567a3","uid":"bltee4b212de64567a3","created_at":"2023-03-20T07:43:02.674Z","updated_at":"2023-03-20T07:43:02.674Z","created_by":"blt484b7e4e3d1b7f76","updated_by":"blt484b7e4e3d1b7f76","content_type":"application/vnd.contenstack.folder","tags":[],"name":"Contact","ACL":{"roles":[],"others":{"read":false,"create":false,"update":false,"delete":false,"sub_acl":{"read":false,"create":false,"update":false,"delete":false,"publish":false}}},"is_dir":true,"parent_uid":null,"_version":1},{"stackHeaders":{"api_key":"blt686a5666fd9b8c9d"},"urlPath":"/assets/blt015b823e1aade920","uid":"blt015b823e1aade920","created_at":"2023-03-20T07:43:02.386Z","updated_at":"2023-03-20T07:43:02.386Z","created_by":"blt484b7e4e3d1b7f76","updated_by":"blt484b7e4e3d1b7f76","content_type":"application/vnd.contenstack.folder","tags":[],"name":"Blogs","ACL":{"roles":[],"others":{"read":false,"create":false,"update":false,"delete":false,"sub_acl":{"read":false,"create":false,"update":false,"delete":false,"publish":false}}},"is_dir":true,"parent_uid":null,"_version":1},{"stackHeaders":{"api_key":"blt686a5666fd9b8c9d"},"urlPath":"/assets/blt1543c73e90182fa3","uid":"blt1543c73e90182fa3","created_at":"2023-03-20T07:43:02.159Z","updated_at":"2023-03-20T07:43:02.159Z","created_by":"blt484b7e4e3d1b7f76","updated_by":"blt484b7e4e3d1b7f76","content_type":"application/vnd.contenstack.folder","tags":[],"name":"About Us","ACL":{"roles":[],"others":{"read":false,"create":false,"update":false,"delete":false,"sub_acl":{"read":false,"create":false,"update":false,"delete":false,"publish":false}}},"is_dir":true,"parent_uid":null,"_version":1},{"stackHeaders":{"api_key":"blt686a5666fd9b8c9d"},"urlPath":"/assets/bltf98d2f7b076dc844","uid":"bltf98d2f7b076dc844","created_at":"2023-03-20T07:43:01.867Z","updated_at":"2023-03-20T07:43:01.867Z","created_by":"blt484b7e4e3d1b7f76","updated_by":"blt484b7e4e3d1b7f76","content_type":"application/vnd.contenstack.folder","tags":[],"name":"Homepage","ACL":{"roles":[],"others":{"read":false,"create":false,"update":false,"delete":false,"sub_acl":{"read":false,"create":false,"update":false,"delete":false,"publish":false}}},"is_dir":true,"parent_uid":null,"_version":1},{"stackHeaders":{"api_key":"blt686a5666fd9b8c9d"},"urlPath":"/assets/bltffef30012aeca44b","uid":"bltffef30012aeca44b","created_at":"2023-03-20T07:43:01.574Z","updated_at":"2023-03-20T07:43:01.574Z","created_by":"blt484b7e4e3d1b7f76","updated_by":"blt484b7e4e3d1b7f76","content_type":"application/vnd.contenstack.folder","tags":[],"name":"Icons","ACL":{"roles":[],"others":{"read":false,"create":false,"update":false,"delete":false,"sub_acl":{"read":false,"create":false,"update":false,"delete":false,"publish":false}}},"is_dir":true,"parent_uid":null,"_version":1},{"stackHeaders":{"api_key":"blt686a5666fd9b8c9d"},"urlPath":"/assets/blt46a70d4a45e506e2","uid":"blt46a70d4a45e506e2","created_at":"2023-03-20T07:43:01.278Z","updated_at":"2023-03-20T07:43:01.278Z","created_by":"blt484b7e4e3d1b7f76","updated_by":"blt484b7e4e3d1b7f76","content_type":"application/vnd.contenstack.folder","tags":[],"name":"Authors","ACL":{"roles":[],"others":{"read":false,"create":false,"update":false,"delete":false,"sub_acl":{"read":false,"create":false,"update":false,"delete":false,"publish":false}}},"is_dir":true,"parent_uid":null,"_version":1},{"stackHeaders":{"api_key":"blt686a5666fd9b8c9d"},"urlPath":"/assets/blt16f866e25e9366f4","uid":"blt16f866e25e9366f4","created_at":"2023-03-20T07:43:00.975Z","updated_at":"2023-03-20T07:43:00.975Z","created_by":"blt484b7e4e3d1b7f76","updated_by":"blt484b7e4e3d1b7f76","content_type":"application/vnd.contenstack.folder","tags":[],"name":"Logo","ACL":{"roles":[],"others":{"read":false,"create":false,"update":false,"delete":false,"sub_acl":{"read":false,"create":false,"update":false,"delete":false,"publish":false}}},"is_dir":true,"parent_uid":null,"_version":1}]