{"blt173405c370661a6e":{"name":"New 12","uid":"blt173405c370661a6e","org_uid":"blt7c5392308b01dd61","api_key":"blt686a5666fd9b8c9d","content_types":["table_ct"],"workflow_stages":[{"name":"Draft","uid":"bltd44357a1348ad756","color":"#f6710c","SYS_ACL":{"others":{"read":true,"write":true,"transit":false},"users":{"uids":["$all"],"read":true,"write":true,"transit":true},"roles":{"uids":[],"read":true,"write":true,"transit":true}},"next_available_stages":["$all"]},{"name":"Review","uid":"bltaea62743017bde41","color":"#5a4ccf","SYS_ACL":{"others":{"read":true,"write":true,"transit":false},"users":{"uids":["$all"],"read":true,"write":true,"transit":true},"roles":{"uids":[],"read":true,"write":true,"transit":true}},"next_available_stages":["$all"]},{"name":"Released","uid":"blt9db21aa4312832ea","color":"#4d260d","SYS_ACL":{"others":{"read":true,"write":true,"transit":false},"users":{"uids":["$all"],"read":true,"write":true,"transit":true},"roles":{"uids":[],"read":true,"write":true,"transit":true}},"next_available_stages":["$all"]}],"admin_users":{"users":[],"roles":["bltb80bb0d1ad49a926"]},"enabled":true,"deleted_at":false}}